,user_id,gender,age,city,interests,education_level,active_hours
0,1,Female,30,Bengaluru,"['Movies', 'Real Estate', 'Marketing', 'Parenting', 'Travel', 'Art']",Undergraduate,16
1,2,Male,55,Chennai,"['History', 'Parenting', 'Fashion', 'DIY & Crafts', 'Home Decor']",Undergraduate,12
2,3,Female,58,Delhi,"['Education', 'DIY & Crafts', 'Finance', 'Politics', 'Science', 'Automotive', 'Spirituality', 'Psychology', 'Technology', 'Parenting']",Undergraduate,4
3,4,Male,25,Mumbai,"['Music', 'Food', 'Gaming', 'History', 'Technology', 'Fashion', 'Politics', 'Business', 'Health & Fitness', 'Environment']",Undergraduate,16
4,5,Female,59,Bengaluru,"['Marketing', 'Business', 'Psychology', 'Music', 'Art', 'Finance', 'Photography', 'Law', 'Movies', 'Books']",High School,17
5,6,Female,21,Chennai,"['Law', 'Finance', 'Technology', 'Business', 'Relationships', 'Marketing', 'Real Estate']",Undergraduate,21
6,7,Male,37,Mumbai,"['Travel', 'Spirituality', 'Music', 'Real Estate', 'Law', 'Food', 'Movies', 'Parenting']",Undergraduate,8
7,8,Female,33,Ahmedabad,"['Automotive', 'Books', 'Spirituality', 'Education', 'News', 'Health & Fitness', 'Politics', 'Environment', 'Parenting', 'Fashion']",High School,10
8,9,Male,52,Mumbai,"['Politics', 'Finance', 'Health & Fitness', 'DIY & Crafts', 'Sports', 'Science', 'Psychology', 'History']",Postgraduate,13
9,10,Female,38,Mumbai,"['Fashion', 'Gaming', 'Business', 'Technology', 'Real Estate', 'Photography', 'DIY & Crafts', 'Environment']",Undergraduate,19
10,11,Male,26,Chennai,"['Gaming', 'Parenting', 'Food', 'History', 'Finance', 'Automotive']",Postgraduate,21
11,12,Female,36,Pune,"['Technology', 'Real Estate', 'Gaming', 'Spirituality', 'Law', 'Books', 'Parenting', 'Environment']",Postgraduate,20
12,13,Female,22,Ahmedabad,"['History', 'Music', 'Technology', 'Books', 'Automotive', 'Sports']",Postgraduate,2
13,14,Male,43,Ahmedabad,"['Business', 'Politics', 'DIY & Crafts', 'Health & Fitness', 'Art', 'Education', 'Law']",High School,5
14,15,Male,49,Bengaluru,"['Art', 'Books', 'Photography', 'Science', 'Sports', 'Automotive', 'Politics']",Undergraduate,11
15,16,Male,26,Delhi,"['Technology', 'Politics', 'Spirituality', 'Automotive', 'Books', 'Food']",Undergraduate,16
16,17,Female,28,Ahmedabad,"['Art', 'Technology', 'Marketing', 'News', 'Automotive']",High School,5
17,18,Female,26,Chennai,"['Spirituality', 'Relationships', 'Photography', 'Technology', 'Science', 'Fashion', 'Health & Fitness', 'Food', 'Art']",Postgraduate,13
18,19,Male,24,Mumbai,"['Technology', 'Travel', 'Home Decor', 'Fashion', 'Psychology', 'Food', 'Finance']",Undergraduate,4
19,20,Male,30,Mumbai,"['Real Estate', 'Psychology', 'Parenting', 'History', 'Food', 'Gaming', 'Technology', 'Photography', 'Fashion', 'Automotive']",Postgraduate,9
20,21,Female,21,Hyderabad,"['Movies', 'Relationships', 'Environment', 'Business', 'DIY & Crafts', 'Sports']",High School,10
21,22,Female,58,Ahmedabad,"['Business', 'Spirituality', 'DIY & Crafts', 'Environment', 'Books', 'Real Estate', 'Photography', 'Health & Fitness']",Postgraduate,16
22,23,Female,20,Delhi,"['News', 'Health & Fitness', 'Sports', 'Spirituality', 'Books', 'Business', 'Gaming', 'Home Decor', 'Photography', 'Art']",Undergraduate,16
23,24,Female,54,Chennai,"['Environment', 'Art', 'Finance', 'Politics', 'Parenting', 'Sports']",Undergraduate,6
24,25,Male,44,Mumbai,"['Business', 'Politics', 'Spirituality', 'News', 'Law', 'Travel', 'Movies', 'Gaming', 'Technology', 'Photography']",Undergraduate,11
25,26,Female,29,Ahmedabad,"['Relationships', 'Business', 'DIY & Crafts', 'Finance', 'Photography', 'Travel']",Undergraduate,11
26,27,Male,59,Chennai,"['Music', 'Education', 'Technology', 'DIY & Crafts', 'Sports']",High School,12
27,28,Female,47,Chennai,"['Relationships', 'Law', 'Technology', 'News', 'Parenting']",Undergraduate,3
28,29,Male,49,Bengaluru,"['Automotive', 'Music', 'Politics', 'Relationships', 'Art', 'Marketing', 'Parenting', 'Fashion', 'Sports', 'Photography']",High School,15
29,30,Male,37,Bengaluru,"['History', 'Psychology', 'Gaming', 'Photography', 'Parenting', 'Music']",Undergraduate,11
30,31,Female,42,Mumbai,"['Education', 'Law', 'Real Estate', 'Books', 'Art', 'Environment', 'Travel']",Postgraduate,13
31,32,Female,38,Hyderabad,"['Movies', 'Psychology', 'Books', 'Politics', 'Relationships']",Postgraduate,5
32,33,Female,43,Pune,"['Fashion', 'Photography', 'Environment', 'Automotive', 'History', 'Politics', 'Parenting', 'Music', 'Gaming', 'Marketing']",Undergraduate,23
33,34,Male,30,Bengaluru,"['Technology', 'Environment', 'DIY & Crafts', 'Relationships', 'Law', 'Music', 'Politics', 'Travel']",Postgraduate,2
34,35,Female,28,Ahmedabad,"['Automotive', 'Music', 'Gaming', 'Law', 'Technology', 'Parenting', 'Photography']",Postgraduate,3
35,36,Male,21,Bengaluru,"['Finance', 'Business', 'Politics', 'Health & Fitness', 'Fashion', 'Science']",Undergraduate,10
36,37,Male,47,Ahmedabad,"['Sports', 'Environment', 'Real Estate', 'Books', 'Travel', 'DIY & Crafts', 'News']",Undergraduate,1
37,38,Male,59,Mumbai,"['Travel', 'Business', 'Fashion', 'Law', 'Art', 'Sports', 'History', 'News']",High School,11
38,39,Male,40,Mumbai,"['Psychology', 'Music', 'Spirituality', 'Food', 'News', 'DIY & Crafts', 'History', 'Health & Fitness', 'Home Decor']",High School,20
39,40,Male,43,Hyderabad,"['Movies', 'News', 'Automotive', 'Spirituality', 'Sports', 'Real Estate', 'Psychology', 'Politics']",Undergraduate,13
40,41,Female,37,Mumbai,"['Health & Fitness', 'Education', 'Marketing', 'Art', 'Sports', 'Music', 'Automotive', 'Psychology', 'Gaming']",Postgraduate,8
41,42,Female,45,Chennai,"['Real Estate', 'Finance', 'Sports', 'History', 'Movies', 'Education', 'Psychology']",Undergraduate,18
42,43,Male,48,Ahmedabad,"['Music', 'Home Decor', 'Relationships', 'News', 'Real Estate', 'Parenting', 'Fashion', 'Psychology', 'Sports', 'Business']",High School,19
43,44,Female,24,Delhi,"['Home Decor', 'Movies', 'Art', 'Technology', 'Law', 'Music', 'Gaming', 'Fashion', 'Spirituality']",High School,14
44,45,Male,48,Bengaluru,"['Business', 'Finance', 'Psychology', 'Art', 'Law', 'Gaming', 'Relationships', 'Travel', 'Movies']",Postgraduate,6
45,46,Male,24,Ahmedabad,"['Sports', 'Travel', 'Law', 'Relationships', 'Photography', 'Home Decor', 'Food', 'Gaming', 'Art']",Postgraduate,9
46,47,Female,41,Bengaluru,"['Food', 'Gaming', 'Travel', 'Movies', 'Science']",Undergraduate,18
47,48,Female,33,Chennai,"['Science', 'Books', 'Real Estate', 'News', 'History', 'Movies', 'Politics', 'Parenting']",Undergraduate,15
48,49,Male,49,Bengaluru,"['Music', 'News', 'Technology', 'Automotive', 'Environment', 'Science', 'Spirituality', 'Food']",Undergraduate,14
49,50,Female,19,Chennai,"['Music', 'News', 'Environment', 'Politics', 'Psychology', 'Law', 'Food']",High School,2
50,51,Male,53,Bengaluru,"['Business', 'History', 'Finance', 'Law', 'Gaming', 'Home Decor']",Postgraduate,12
51,52,Female,36,Ahmedabad,"['Education', 'Real Estate', 'Music', 'Environment', 'Travel', 'Finance', 'Movies', 'Photography']",High School,12
52,53,Female,36,Pune,"['History', 'Science', 'Real Estate', 'Spirituality', 'Fashion']",Postgraduate,4
53,54,Male,34,Pune,"['Music', 'Environment', 'Sports', 'Spirituality', 'Law', 'Politics', 'Science']",Postgraduate,4
54,55,Female,39,Hyderabad,"['Parenting', 'Movies', 'Photography', 'Art', 'Environment', 'Gaming', 'Law', 'Spirituality', 'Fashion', 'Education']",Undergraduate,23
55,56,Female,50,Bengaluru,"['Movies', 'Finance', 'History', 'Music', 'Parenting', 'Politics', 'Marketing', 'Health & Fitness']",High School,6
56,57,Male,51,Delhi,"['Law', 'Relationships', 'Finance', 'Home Decor', 'Parenting']",Postgraduate,18
57,58,Female,24,Bengaluru,"['Fashion', 'Movies', 'Books', 'Relationships', 'News', 'Food', 'Technology', 'Spirituality', 'Environment', 'Science']",High School,20
58,59,Female,53,Delhi,"['Travel', 'Psychology', 'Relationships', 'Science', 'Technology', 'Automotive']",Postgraduate,13
59,60,Male,44,Pune,"['Technology', 'Parenting', 'Automotive', 'Environment', 'Travel', 'Finance', 'Fashion', 'Psychology', 'History']",Postgraduate,1
60,61,Male,51,Ahmedabad,"['History', 'Sports', 'Psychology', 'Fashion', 'Finance', 'Politics']",High School,18
61,62,Male,24,Pune,"['Marketing', 'Sports', 'Gaming', 'Finance', 'Fashion', 'Home Decor', 'Photography', 'Real Estate', 'Education']",Undergraduate,20
62,63,Female,59,Hyderabad,"['History', 'Business', 'Food', 'Automotive', 'Parenting', 'Environment', 'Law', 'Technology', 'Sports', 'Health & Fitness']",Undergraduate,20
63,64,Female,58,Chennai,"['DIY & Crafts', 'Photography', 'Health & Fitness', 'Art', 'Music', 'Gaming', 'Automotive', 'Food', 'Science']",Undergraduate,17
64,65,Female,32,Ahmedabad,"['Fashion', 'Relationships', 'Music', 'DIY & Crafts', 'Psychology', 'Gaming', 'Spirituality', 'Politics', 'Finance', 'Books']",Undergraduate,22
65,66,Male,29,Mumbai,"['Psychology', 'Law', 'Travel', 'Technology', 'Education', 'Environment']",High School,18
66,67,Female,41,Mumbai,"['Technology', 'Home Decor', 'Psychology', 'History', 'Music', 'Finance', 'Gaming', 'Business']",High School,16
67,68,Male,52,Pune,"['Travel', 'History', 'Books', 'Fashion', 'Psychology']",High School,3
68,69,Female,50,Bengaluru,"['Technology', 'DIY & Crafts', 'Gaming', 'Finance', 'History', 'Movies']",Postgraduate,14
69,70,Female,37,Hyderabad,"['Education', 'Sports', 'News', 'Gaming', 'Fashion', 'Politics']",Postgraduate,19
70,71,Female,36,Ahmedabad,"['Sports', 'Real Estate', 'Finance', 'Politics', 'Technology', 'Art']",Undergraduate,6
71,72,Female,19,Delhi,"['Music', 'Law', 'Business', 'Relationships', 'Health & Fitness', 'Real Estate', 'Art', 'Movies', 'Finance']",High School,3
72,73,Female,48,Mumbai,"['Fashion', 'History', 'Gaming', 'Food', 'Art', 'Health & Fitness']",High School,4
73,74,Female,21,Pune,"['Food', 'Spirituality', 'Real Estate', 'Law', 'Finance', 'Gaming']",Postgraduate,12
74,75,Female,49,Hyderabad,"['Education', 'Spirituality', 'News', 'Automotive', 'Sports', 'Law', 'Art']",Postgraduate,17
75,76,Female,26,Hyderabad,"['Art', 'Relationships', 'Technology', 'Sports', 'Automotive', 'Spirituality', 'Photography', 'Marketing', 'Movies', 'Parenting']",Postgraduate,15
76,77,Male,35,Chennai,"['Music', 'Books', 'History', 'Photography', 'Art', 'Technology', 'Food']",Postgraduate,21
77,78,Male,46,Pune,"['Photography', 'Health & Fitness', 'DIY & Crafts', 'Fashion', 'Environment']",Undergraduate,9
78,79,Male,26,Ahmedabad,"['Health & Fitness', 'Sports', 'Education', 'Travel', 'History', 'Automotive']",High School,21
79,80,Male,47,Pune,"['Marketing', 'News', 'History', 'Law', 'Finance', 'Books', 'Science', 'Travel']",High School,20
80,81,Male,38,Delhi,"['Science', 'Politics', 'Books', 'Finance', 'Marketing', 'Home Decor', 'DIY & Crafts', 'Movies', 'Real Estate']",Postgraduate,3
81,82,Female,24,Ahmedabad,"['Art', 'Fashion', 'Technology', 'History', 'Photography', 'Business', 'Law', 'Sports', 'Gaming']",Undergraduate,20
82,83,Female,54,Delhi,"['Science', 'Photography', 'Music', 'Fashion', 'News']",Postgraduate,17
83,84,Male,47,Pune,"['Art', 'Finance', 'Health & Fitness', 'News', 'Spirituality', 'Books']",Postgraduate,10
84,85,Male,49,Bengaluru,"['Movies', 'Books', 'Home Decor', 'Marketing', 'Business', 'Sports', 'Health & Fitness']",High School,4
85,86,Female,57,Chennai,"['Books', 'News', 'Technology', 'Business', 'Marketing', 'Parenting', 'Science', 'Environment', 'Fashion', 'Photography']",Undergraduate,23
86,87,Female,44,Delhi,"['Sports', 'Spirituality', 'Music', 'Psychology', 'Fashion', 'Art', 'Health & Fitness', 'Home Decor']",High School,19
87,88,Male,43,Ahmedabad,"['History', 'Technology', 'Photography', 'Relationships', 'Gaming', 'Finance', 'Psychology', 'DIY & Crafts', 'Food', 'Real Estate']",Undergraduate,9
88,89,Female,39,Bengaluru,"['Law', 'Fashion', 'Music', 'Travel', 'Photography', 'Business', 'Finance']",High School,2
89,90,Female,35,Chennai,"['Health & Fitness', 'Books', 'Parenting', 'Photography', 'Movies', 'Music', 'Real Estate', 'Spirituality', 'Automotive']",Undergraduate,11
90,91,Female,46,Ahmedabad,"['Photography', 'Music', 'Health & Fitness', 'Education', 'Psychology']",Undergraduate,11
91,92,Male,24,Bengaluru,"['Home Decor', 'Spirituality', 'News', 'Sports', 'Relationships', 'Health & Fitness', 'DIY & Crafts', 'Parenting', 'Fashion', 'Travel']",Postgraduate,6
92,93,Female,46,Chennai,"['Psychology', 'Science', 'Health & Fitness', 'Books', 'Law', 'History', 'Sports', 'Finance', 'Parenting', 'Education']",Undergraduate,20
93,94,Male,23,Chennai,"['Sports', 'Law', 'Home Decor', 'Photography', 'Art', 'Science', 'Politics']",Undergraduate,20
94,95,Female,53,Pune,"['Movies', 'Food', 'Environment', 'News', 'Science', 'Relationships', 'Art', 'Finance', 'Music']",Undergraduate,15
95,96,Male,32,Hyderabad,"['Education', 'Music', 'Books', 'Law', 'History', 'Finance', 'Movies', 'Real Estate']",High School,2
96,97,Male,22,Ahmedabad,"['News', 'DIY & Crafts', 'Marketing', 'History', 'Automotive', 'Gaming']",High School,8
97,98,Female,45,Delhi,"['Music', 'Business', 'History', 'Relationships', 'Science']",Postgraduate,23
98,99,Male,30,Delhi,"['Health & Fitness', 'Finance', 'Business', 'Travel', 'Science', 'Technology', 'Fashion', 'Law', 'Movies', 'Relationships']",Postgraduate,12
99,100,Female,48,Bengaluru,"['Law', 'Marketing', 'Parenting', 'Automotive', 'Food', 'Spirituality', 'Environment', 'Business', 'Travel', 'Fashion']",Postgraduate,23
100,101,Female,47,Delhi,"['Psychology', 'Politics', 'Spirituality', 'Food', 'Parenting', 'History', 'Music']",High School,2
101,102,Male,53,Pune,"['Automotive', 'Music', 'Sports', 'Real Estate', 'Parenting', 'News', 'Relationships', 'Home Decor', 'Spirituality', 'Finance']",Undergraduate,23
102,103,Male,33,Hyderabad,"['History', 'Photography', 'Politics', 'Real Estate', 'Music', 'Movies', 'Fashion', 'Relationships', 'DIY & Crafts']",Undergraduate,20
103,104,Male,26,Bengaluru,"['History', 'DIY & Crafts', 'Books', 'Politics', 'Psychology', 'Business', 'Health & Fitness', 'Environment']",Postgraduate,21
104,105,Female,32,Hyderabad,"['Politics', 'Business', 'Health & Fitness', 'Spirituality', 'Art', 'Music', 'Books', 'Environment', 'Sports', 'Psychology']",Undergraduate,2
105,106,Female,21,Pune,"['Movies', 'Psychology', 'Business', 'Technology', 'Education', 'Art']",Undergraduate,7
106,107,Female,52,Bengaluru,"['Education', 'Law', 'Sports', 'DIY & Crafts', 'Music', 'Relationships', 'Parenting', 'Books']",Undergraduate,16
107,108,Male,39,Ahmedabad,"['Travel', 'Home Decor', 'Environment', 'Books', 'Art', 'History', 'Marketing', 'Politics', 'Sports']",Postgraduate,4
108,109,Female,18,Chennai,"['Education', 'Spirituality', 'Movies', 'Science', 'DIY & Crafts', 'Home Decor']",Undergraduate,7
109,110,Male,40,Hyderabad,"['Fashion', 'Art', 'Environment', 'Movies', 'History', 'Marketing', 'Travel']",Postgraduate,8
110,111,Male,38,Bengaluru,"['Automotive', 'Education', 'Business', 'Finance', 'Spirituality', 'Science', 'News', 'Law', 'Movies', 'Politics']",Postgraduate,22
111,112,Female,48,Pune,"['Fashion', 'Environment', 'Education', 'Finance', 'Art', 'Music', 'Technology']",High School,1
112,113,Male,29,Mumbai,"['Food', 'Movies', 'Politics', 'Gaming', 'Technology', 'Parenting', 'Health & Fitness']",High School,22
113,114,Female,43,Delhi,"['Technology', 'Health & Fitness', 'Movies', 'Relationships', 'History', 'Politics', 'News', 'Marketing', 'Home Decor', 'Finance']",Undergraduate,16
114,115,Male,47,Bengaluru,"['News', 'Technology', 'Fashion', 'Travel', 'Education', 'Health & Fitness', 'DIY & Crafts', 'Environment', 'Relationships', 'Art']",Undergraduate,16
115,116,Male,31,Chennai,"['Politics', 'Environment', 'Law', 'Sports', 'Movies', 'Science']",Undergraduate,13
116,117,Male,28,Delhi,"['Marketing', 'Food', 'Parenting', 'Health & Fitness', 'Movies', 'Fashion', 'DIY & Crafts', 'Photography', 'Education', 'Law']",High School,10
117,118,Female,39,Delhi,"['Psychology', 'Travel', 'News', 'Movies', 'Law', 'Music']",High School,5
118,119,Male,43,Hyderabad,"['Travel', 'Sports', 'Environment', 'Education', 'Science', 'Automotive', 'Books', 'Marketing', 'Spirituality', 'Art']",High School,16
119,120,Male,39,Bengaluru,"['Automotive', 'Sports', 'Law', 'DIY & Crafts', 'Home Decor', 'Politics', 'Fashion', 'Spirituality', 'Health & Fitness', 'Psychology']",High School,4
120,121,Female,40,Bengaluru,"['Movies', 'Real Estate', 'Business', 'Relationships', 'News', 'Law', 'Fashion', 'Health & Fitness', 'Automotive']",High School,7
121,122,Male,22,Hyderabad,"['Art', 'DIY & Crafts', 'Gaming', 'Photography', 'Parenting']",High School,5
122,123,Female,43,Delhi,"['Science', 'Photography', 'Health & Fitness', 'Parenting', 'Gaming', 'Marketing', 'Art']",Postgraduate,20
123,124,Male,22,Bengaluru,"['Automotive', 'News', 'Psychology', 'Movies', 'Health & Fitness', 'Parenting', 'Music', 'Photography', 'Education']",Undergraduate,5
124,125,Male,42,Pune,"['History', 'Automotive', 'Psychology', 'Music', 'Travel', 'Sports', 'Books', 'Fashion', 'Law', 'Art']",High School,22
125,126,Male,18,Chennai,"['Education', 'Movies', 'DIY & Crafts', 'Automotive', 'Marketing']",Undergraduate,1
126,127,Male,48,Hyderabad,"['Spirituality', 'Relationships', 'Fashion', 'Law', 'Home Decor', 'DIY & Crafts', 'Science', 'Movies']",Undergraduate,6
127,128,Female,39,Mumbai,"['Sports', 'Marketing', 'Science', 'Real Estate', 'Relationships', 'Music', 'History', 'Education', 'Food', 'Gaming']",Undergraduate,5
128,129,Male,58,Pune,"['News', 'Gaming', 'Movies', 'Real Estate', 'Automotive', 'Home Decor', 'Finance', 'Education', 'Science']",High School,23
129,130,Male,31,Mumbai,"['Law', 'Politics', 'Art', 'Environment', 'Travel']",High School,14
130,131,Female,43,Hyderabad,"['Automotive', 'Environment', 'Gaming', 'Business', 'Fashion', 'Real Estate', 'Travel', 'Politics', 'Home Decor']",High School,22
131,132,Female,57,Hyderabad,"['Photography', 'Health & Fitness', 'Politics', 'Education', 'Food', 'DIY & Crafts']",Postgraduate,3
132,133,Male,39,Chennai,"['Relationships', 'Finance', 'History', 'DIY & Crafts', 'Movies', 'News', 'Gaming', 'Food', 'Parenting', 'Fashion']",Postgraduate,17
133,134,Female,48,Hyderabad,"['History', 'Parenting', 'Technology', 'Gaming', 'Books', 'Automotive', 'Health & Fitness', 'Marketing', 'Home Decor']",Postgraduate,19
134,135,Male,36,Hyderabad,"['Home Decor', 'History', 'Movies', 'Real Estate', 'Politics', 'Health & Fitness']",Undergraduate,1
135,136,Female,23,Mumbai,"['History', 'Science', 'Law', 'Music', 'Home Decor', 'Travel']",Postgraduate,3
136,137,Female,43,Delhi,"['Art', 'Books', 'Food', 'Photography', 'Home Decor', 'Environment', 'DIY & Crafts', 'Education', 'Sports']",Undergraduate,12
137,138,Male,39,Pune,"['Finance', 'Fashion', 'Environment', 'Spirituality', 'Movies', 'Automotive']",High School,13
138,139,Female,51,Ahmedabad,"['Relationships', 'Art', 'Food', 'Business', 'Environment', 'Home Decor', 'Music', 'Sports', 'Books']",High School,19
139,140,Male,43,Chennai,"['Food', 'Spirituality', 'Travel', 'Technology', 'Law', 'Sports', 'Home Decor', 'History', 'Real Estate']",Undergraduate,21
140,141,Male,40,Pune,"['Marketing', 'Psychology', 'Law', 'Travel', 'Automotive', 'Home Decor', 'Science', 'Photography', 'Business', 'Movies']",High School,19
141,142,Female,57,Delhi,"['Psychology', 'Science', 'Home Decor', 'Politics', 'Education', 'Fashion']",Postgraduate,3
142,143,Male,56,Bengaluru,"['Relationships', 'Education', 'Science', 'Music', 'Business', 'Home Decor', 'Parenting']",Postgraduate,21
143,144,Male,29,Chennai,"['Psychology', 'Marketing', 'Technology', 'Law', 'Art', 'History', 'Science', 'Education', 'Home Decor', 'Sports']",Undergraduate,13
144,145,Female,41,Chennai,"['Food', 'Home Decor', 'Science', 'Real Estate', 'Health & Fitness', 'DIY & Crafts']",Undergraduate,6
145,146,Female,46,Hyderabad,"['Technology', 'DIY & Crafts', 'Home Decor', 'Travel', 'Movies', 'Health & Fitness', 'Spirituality']",High School,4
146,147,Female,28,Mumbai,"['Marketing', 'Science', 'Psychology', 'Automotive', 'History', 'Art', 'Travel', 'Education', 'Fashion', 'Movies']",Undergraduate,21
147,148,Male,48,Delhi,"['Science', 'Home Decor', 'Books', 'Art', 'Gaming', 'Sports', 'Relationships', 'Finance']",High School,15
148,149,Female,32,Chennai,"['Gaming', 'Real Estate', 'Home Decor', 'Sports', 'Spirituality', 'Marketing', 'Education', 'Fashion', 'Environment', 'Psychology']",Undergraduate,15
149,150,Female,39,Mumbai,"['Real Estate', 'Sports', 'Marketing', 'Music', 'Politics', 'Law', 'Gaming', 'Spirituality', 'Food']",Undergraduate,1
150,151,Female,51,Bengaluru,"['Politics', 'Sports', 'Business', 'Food', 'Home Decor', 'Spirituality', 'DIY & Crafts', 'Music', 'Movies']",Undergraduate,15
151,152,Male,55,Hyderabad,"['Marketing', 'Psychology', 'Law', 'Politics', 'Science', 'Gaming', 'DIY & Crafts']",Postgraduate,3
152,153,Male,58,Chennai,"['Real Estate', 'Music', 'News', 'Art', 'Health & Fitness', 'Travel', 'Books', 'Finance', 'DIY & Crafts', 'Automotive']",Postgraduate,21
153,154,Female,44,Ahmedabad,"['Relationships', 'Art', 'Education', 'DIY & Crafts', 'Gaming', 'Environment', 'History', 'Photography', 'Sports', 'Science']",Postgraduate,10
154,155,Female,23,Hyderabad,"['Spirituality', 'Science', 'Relationships', 'News', 'Photography', 'Business', 'Sports']",Undergraduate,22
155,156,Female,48,Delhi,"['Technology', 'Science', 'Photography', 'Psychology', 'Spirituality']",Postgraduate,9
156,157,Male,32,Chennai,"['Technology', 'Politics', 'DIY & Crafts', 'Health & Fitness', 'Science']",High School,7
157,158,Male,27,Mumbai,"['Science', 'Photography', 'Real Estate', 'News', 'Business', 'Travel', 'Education', 'DIY & Crafts', 'Gaming']",Postgraduate,6
158,159,Male,22,Ahmedabad,"['Real Estate', 'Business', 'Politics', 'Home Decor', 'Environment', 'Health & Fitness', 'Education', 'Sports', 'History']",High School,12
159,160,Female,56,Hyderabad,"['Real Estate', 'Technology', 'Art', 'Photography', 'Gaming', 'Law']",High School,18
160,161,Male,33,Delhi,"['Parenting', 'Fashion', 'Health & Fitness', 'Business', 'Technology']",Postgraduate,3
161,162,Female,26,Delhi,"['Movies', 'Marketing', 'Home Decor', 'Gaming', 'Travel']",Undergraduate,4
162,163,Male,19,Mumbai,"['Fashion', 'Spirituality', 'DIY & Crafts', 'Finance', 'Art', 'Gaming', 'Movies', 'Real Estate', 'Automotive']",Postgraduate,10
163,164,Male,32,Hyderabad,"['Spirituality', 'Movies', 'Finance', 'Sports', 'Gaming']",Postgraduate,14
164,165,Female,59,Delhi,"['Gaming', 'Environment', 'Parenting', 'Travel', 'Relationships']",Postgraduate,3
165,166,Male,39,Bengaluru,"['Real Estate', 'Gaming', 'Fashion', 'Law', 'History', 'Sports', 'Relationships', 'Food']",Undergraduate,22
166,167,Male,58,Hyderabad,"['Food', 'Politics', 'History', 'Music', 'Art', 'Psychology', 'Health & Fitness']",Postgraduate,7
167,168,Male,24,Chennai,"['Finance', 'Psychology', 'Gaming', 'Food', 'DIY & Crafts', 'Law', 'Relationships', 'Health & Fitness', 'Books']",High School,19
168,169,Female,40,Hyderabad,"['Science', 'Art', 'Finance', 'Photography', 'Travel', 'Law', 'Relationships', 'Marketing', 'Psychology']",Undergraduate,23
169,170,Female,36,Hyderabad,"['History', 'Home Decor', 'Law', 'Relationships', 'Automotive', 'Parenting', 'Gaming', 'Spirituality', 'Real Estate', 'Finance']",Undergraduate,8
170,171,Female,19,Pune,"['Health & Fitness', 'Movies', 'Automotive', 'Fashion', 'Home Decor', 'Finance', 'Sports', 'Marketing']",Undergraduate,5
171,172,Male,27,Mumbai,"['Psychology', 'Music', 'Food', 'Movies', 'Books']",High School,15
172,173,Female,57,Bengaluru,"['Law', 'Politics', 'Music', 'Books', 'Science', 'Parenting', 'Environment', 'Real Estate', 'Psychology', 'Business']",High School,10
173,174,Male,41,Bengaluru,"['Environment', 'Photography', 'Art', 'DIY & Crafts', 'Automotive']",High School,19
174,175,Female,27,Chennai,"['Movies', 'Automotive', 'Sports', 'Marketing', 'Education', 'Business', 'Food', 'Science', 'History']",Undergraduate,21
175,176,Female,35,Hyderabad,"['DIY & Crafts', 'Books', 'Technology', 'Art', 'Food', 'Environment']",High School,10
176,177,Male,44,Pune,"['Art', 'Books', 'Automotive', 'Gaming', 'Real Estate', 'Fashion']",Undergraduate,9
177,178,Female,28,Ahmedabad,"['Automotive', 'Real Estate', 'News', 'Finance', 'Law', 'Science']",High School,1
178,179,Male,43,Ahmedabad,"['Parenting', 'Science', 'Home Decor', 'History', 'Automotive', 'Finance', 'News']",Postgraduate,11
179,180,Male,25,Pune,"['Education', 'Law', 'Parenting', 'Marketing', 'DIY & Crafts']",Undergraduate,13
180,181,Female,31,Hyderabad,"['Music', 'Finance', 'Politics', 'Fashion', 'DIY & Crafts']",Undergraduate,4
181,182,Female,44,Chennai,"['Books', 'News', 'Photography', 'Finance', 'Music', 'Business']",High School,7
182,183,Female,28,Bengaluru,"['Relationships', 'Food', 'Law', 'Psychology', 'Health & Fitness', 'Books']",Postgraduate,13
183,184,Female,20,Hyderabad,"['Business', 'Parenting', 'Science', 'Technology', 'Fashion', 'Spirituality', 'Marketing']",Postgraduate,5
184,185,Female,19,Hyderabad,"['History', 'Photography', 'Business', 'Technology', 'Finance', 'Sports']",Postgraduate,23
185,186,Female,59,Delhi,"['Relationships', 'Automotive', 'Sports', 'Politics', 'Home Decor', 'Science', 'History']",High School,18
186,187,Female,35,Hyderabad,"['Law', 'Relationships', 'DIY & Crafts', 'Health & Fitness', 'Fashion', 'Parenting', 'Photography']",Undergraduate,14
187,188,Male,18,Delhi,"['Law', 'Finance', 'Health & Fitness', 'Books', 'Music', 'Gaming', 'DIY & Crafts']",Postgraduate,4
188,189,Female,34,Mumbai,"['Travel', 'Law', 'Gaming', 'Marketing', 'Photography', 'Relationships', 'Automotive']",Postgraduate,22
189,190,Male,50,Delhi,"['Sports', 'Gaming', 'Business', 'DIY & Crafts', 'Travel']",Undergraduate,14
190,191,Female,52,Pune,"['Books', 'Politics', 'History', 'Automotive', 'Home Decor', 'Relationships', 'Science', 'Environment', 'Education', 'Business']",High School,16
191,192,Male,55,Chennai,"['Education', 'Automotive', 'Health & Fitness', 'Business', 'Real Estate', 'Marketing', 'Environment']",Postgraduate,13
192,193,Male,19,Bengaluru,"['DIY & Crafts', 'Photography', 'Automotive', 'Gaming', 'Movies', 'Art', 'Law', 'Health & Fitness', 'Business']",High School,22
193,194,Male,51,Hyderabad,"['Relationships', 'Marketing', 'Fashion', 'Science', 'Law', 'Photography', 'Education', 'Automotive']",High School,4
194,195,Male,32,Pune,"['Travel', 'Real Estate', 'Environment', 'Education', 'Politics', 'Food']",Undergraduate,3
195,196,Male,23,Chennai,"['Spirituality', 'Relationships', 'Travel', 'Politics', 'Fashion', 'Science', 'Real Estate', 'News']",Postgraduate,7
196,197,Male,37,Pune,"['News', 'Sports', 'Fashion', 'History', 'Real Estate', 'Movies']",High School,7
197,198,Male,21,Chennai,"['Sports', 'Science', 'Fashion', 'Art', 'Travel', 'Books', 'Parenting', 'Music', 'Education', 'Gaming']",Undergraduate,10
198,199,Male,42,Pune,"['Relationships', 'Movies', 'Business', 'Food', 'Travel', 'Politics']",High School,18
199,200,Male,43,Pune,"['Photography', 'Gaming', 'Home Decor', 'Relationships', 'Movies', 'Parenting', 'Travel', 'Real Estate', 'Politics', 'News']",Postgraduate,2
200,201,Female,59,Ahmedabad,"['Business', 'Sports', 'Books', 'Relationships', 'Art', 'Home Decor']",Postgraduate,11
201,202,Female,22,Bengaluru,"['Sports', 'Books', 'Art', 'Food', 'Politics', 'Real Estate', 'Finance', 'Health & Fitness', 'Fashion', 'Home Decor']",Postgraduate,6
202,203,Male,19,Pune,"['Art', 'Relationships', 'News', 'Law', 'Business', 'Spirituality']",High School,3
203,204,Female,54,Delhi,"['Environment', 'Education', 'Travel', 'Books', 'Parenting', 'DIY & Crafts', 'Home Decor', 'Movies', 'Food']",Undergraduate,20
204,205,Male,57,Mumbai,"['Sports', 'Marketing', 'Business', 'Parenting', 'Spirituality', 'Technology', 'Gaming', 'Psychology']",Postgraduate,22
205,206,Female,49,Pune,"['Home Decor', 'News', 'Food', 'Technology', 'Education', 'Spirituality', 'Books', 'Sports', 'Law']",Undergraduate,4
206,207,Male,29,Bengaluru,"['Home Decor', 'Food', 'Travel', 'Music', 'Relationships', 'Automotive', 'Photography', 'Law']",Postgraduate,5
207,208,Male,42,Bengaluru,"['Technology', 'History', 'Marketing', 'Real Estate', 'Business', 'Books', 'Home Decor', 'Movies', 'News', 'Science']",Postgraduate,23
208,209,Female,41,Ahmedabad,"['Psychology', 'Health & Fitness', 'Home Decor', 'Spirituality', 'Politics', 'Music', 'Environment']",High School,22
209,210,Female,41,Bengaluru,"['Art', 'Food', 'Fashion', 'History', 'Parenting']",Postgraduate,5
210,211,Female,31,Mumbai,"['Photography', 'Food', 'Psychology', 'Books', 'Technology', 'Automotive', 'Finance']",Undergraduate,15
211,212,Male,41,Bengaluru,"['Parenting', 'Psychology', 'Finance', 'Politics', 'DIY & Crafts', 'Education', 'Photography']",High School,5
212,213,Male,46,Pune,"['Business', 'Relationships', 'Travel', 'Real Estate', 'DIY & Crafts', 'Gaming', 'Finance']",Undergraduate,21
213,214,Female,24,Mumbai,"['Movies', 'Travel', 'Technology', 'Fashion', 'Business', 'Politics']",Postgraduate,3
214,215,Male,21,Pune,"['Education', 'Books', 'Food', 'Law', 'Real Estate', 'Home Decor', 'Politics', 'Health & Fitness', 'Photography']",Postgraduate,22
215,216,Male,50,Chennai,"['Politics', 'Marketing', 'Environment', 'Finance', 'News', 'Travel', 'Fashion', 'Movies']",Postgraduate,9
216,217,Male,24,Ahmedabad,"['Spirituality', 'Marketing', 'Automotive', 'Politics', 'Business', 'Travel']",High School,11
217,218,Male,58,Hyderabad,"['Movies', 'Travel', 'Automotive', 'Photography', 'Books', 'Fashion', 'Art', 'Education', 'Environment']",Undergraduate,3
218,219,Female,57,Mumbai,"['Relationships', 'Real Estate', 'Environment', 'Gaming', 'Spirituality', 'Finance', 'Art', 'Fashion']",Postgraduate,14
219,220,Female,47,Bengaluru,"['Gaming', 'Home Decor', 'DIY & Crafts', 'Education', 'Politics', 'Books']",Undergraduate,5
220,221,Female,38,Mumbai,"['Health & Fitness', 'News', 'History', 'Law', 'Spirituality', 'Fashion']",Undergraduate,12
221,222,Male,42,Hyderabad,"['Automotive', 'Technology', 'Marketing', 'Home Decor', 'History', 'Law', 'Politics', 'Travel', 'Gaming', 'Real Estate']",Postgraduate,12
222,223,Male,54,Mumbai,"['Sports', 'History', 'Science', 'Photography', 'Politics', 'Marketing', 'News', 'Gaming']",Undergraduate,7
223,224,Male,24,Pune,"['Science', 'Business', 'Fashion', 'Law', 'Relationships', 'Music', 'Books']",Undergraduate,18
224,225,Male,34,Ahmedabad,"['Home Decor', 'Sports', 'News', 'Food', 'Business', 'Art', 'Gaming']",Undergraduate,17
225,226,Male,41,Ahmedabad,"['Gaming', 'Photography', 'Real Estate', 'Parenting', 'Environment', 'Travel']",Postgraduate,10
226,227,Female,59,Ahmedabad,"['Education', 'Food', 'Movies', 'Fashion', 'DIY & Crafts', 'Home Decor', 'History']",Postgraduate,13
227,228,Female,31,Delhi,"['Photography', 'Relationships', 'Politics', 'Technology', 'Sports']",Postgraduate,6
228,229,Male,43,Delhi,"['Marketing', 'Relationships', 'Real Estate', 'Travel', 'Technology', 'Environment', 'Finance', 'Parenting', 'Home Decor', 'Gaming']",High School,1
229,230,Male,45,Bengaluru,"['Gaming', 'Automotive', 'Movies', 'Relationships', 'Science', 'Marketing', 'Technology', 'DIY & Crafts']",Postgraduate,23
230,231,Male,46,Hyderabad,"['Relationships', 'Art', 'History', 'Fashion', 'Movies', 'Automotive', 'Technology', 'News', 'Law', 'Music']",Postgraduate,8
231,232,Male,42,Ahmedabad,"['History', 'Music', 'Movies', 'News', 'Gaming', 'Psychology', 'Photography', 'Parenting', 'Technology', 'Real Estate']",High School,23
232,233,Male,50,Hyderabad,"['Home Decor', 'Marketing', 'Parenting', 'Food', 'Automotive', 'Fashion', 'Photography', 'Health & Fitness']",High School,6
233,234,Female,44,Delhi,"['History', 'Finance', 'Food', 'Marketing', 'Sports', 'Technology']",High School,22
234,235,Male,56,Hyderabad,"['Home Decor', 'Science', 'Books', 'Politics', 'DIY & Crafts', 'Travel', 'Art', 'Environment']",Postgraduate,13
235,236,Female,52,Delhi,"['DIY & Crafts', 'Parenting', 'Health & Fitness', 'Marketing', 'Gaming', 'Automotive', 'Music', 'Books', 'Environment', 'Education']",Undergraduate,23
236,237,Male,29,Bengaluru,"['Automotive', 'Psychology', 'News', 'Gaming', 'Finance', 'Relationships', 'Fashion', 'Environment']",Postgraduate,13
237,238,Male,19,Hyderabad,"['Finance', 'Art', 'Books', 'Psychology', 'Business', 'Automotive', 'Education', 'History', 'Parenting']",Postgraduate,18
238,239,Male,47,Ahmedabad,"['Relationships', 'Finance', 'Spirituality', 'Movies', 'Gaming', 'Parenting', 'Home Decor']",Undergraduate,3
239,240,Male,50,Mumbai,"['Books', 'Technology', 'Automotive', 'Finance', 'DIY & Crafts', 'Business', 'Photography', 'Gaming']",Postgraduate,6
240,241,Female,33,Delhi,"['Business', 'Home Decor', 'Politics', 'Food', 'Fashion', 'DIY & Crafts', 'Spirituality']",Postgraduate,22
241,242,Male,23,Pune,"['Movies', 'News', 'Art', 'Environment', 'Spirituality', 'Photography', 'History', 'Psychology']",High School,6
242,243,Female,47,Ahmedabad,"['Marketing', 'Photography', 'Music', 'Home Decor', 'News', 'Real Estate']",Undergraduate,19
243,244,Female,20,Mumbai,"['Spirituality', 'Gaming', 'News', 'History', 'Sports', 'Science', 'Art', 'Movies']",Postgraduate,1
244,245,Female,19,Hyderabad,"['Environment', 'Parenting', 'Sports', 'Science', 'Spirituality', 'Real Estate', 'Travel', 'Health & Fitness']",High School,10
245,246,Female,22,Bengaluru,"['Education', 'Spirituality', 'Health & Fitness', 'Politics', 'Law']",Undergraduate,16
246,247,Male,46,Pune,"['Travel', 'DIY & Crafts', 'Photography', 'Books', 'Politics', 'History', 'Environment']",Postgraduate,3
247,248,Male,35,Chennai,"['Environment', 'Movies', 'Automotive', 'Fashion', 'Politics']",Postgraduate,9
248,249,Female,26,Pune,"['Gaming', 'DIY & Crafts', 'Marketing', 'Relationships', 'Fashion', 'Art', 'Psychology', 'Home Decor', 'Sports']",Undergraduate,7
249,250,Male,38,Hyderabad,"['Parenting', 'News', 'Travel', 'Environment', 'Relationships']",High School,2
250,251,Male,59,Bengaluru,"['Home Decor', 'Politics', 'Technology', 'Education', 'Food']",High School,12
251,252,Female,46,Mumbai,"['Movies', 'Technology', 'Real Estate', 'Gaming', 'Spirituality']",Undergraduate,12
252,253,Female,46,Pune,"['Sports', 'Relationships', 'Gaming', 'Automotive', 'Books', 'Psychology', 'Photography', 'News', 'Real Estate', 'Technology']",High School,14
253,254,Female,51,Ahmedabad,"['Law', 'Books', 'Technology', 'Art', 'Home Decor', 'Photography', 'News', 'Fashion', 'Science', 'Politics']",Postgraduate,7
254,255,Female,18,Chennai,"['Science', 'News', 'History', 'Technology', 'Automotive', 'Marketing', 'Finance', 'Home Decor']",High School,20
255,256,Female,33,Mumbai,"['Fashion', 'Movies', 'Parenting', 'Photography', 'DIY & Crafts', 'Education', 'News', 'Politics', 'Music', 'Business']",Undergraduate,3
256,257,Male,21,Pune,"['Travel', 'Home Decor', 'History', 'Marketing', 'Fashion', 'Relationships']",Postgraduate,8
257,258,Female,44,Ahmedabad,"['Books', 'Science', 'Technology', 'Art', 'Sports', 'Movies', 'Environment']",Undergraduate,15
258,259,Male,27,Delhi,"['News', 'Environment', 'History', 'Travel', 'Photography', 'Marketing', 'Spirituality', 'Sports', 'Politics']",Undergraduate,11
259,260,Female,20,Ahmedabad,"['Health & Fitness', 'Gaming', 'Real Estate', 'Law', 'Music', 'Environment', 'Finance', 'Fashion', 'Movies']",Undergraduate,15
260,261,Male,39,Chennai,"['News', 'Spirituality', 'Psychology', 'History', 'Music', 'Home Decor']",High School,14
261,262,Male,44,Chennai,"['Technology', 'Marketing', 'Real Estate', 'News', 'Travel', 'Movies']",Postgraduate,3
262,263,Male,51,Ahmedabad,"['Photography', 'Education', 'Real Estate', 'News', 'Gaming', 'Law', 'Fashion']",High School,20
263,264,Female,53,Delhi,"['Movies', 'Marketing', 'Business', 'Education', 'Spirituality', 'Food', 'Science']",Undergraduate,16
264,265,Female,20,Pune,"['Movies', 'Automotive', 'Art', 'Sports', 'Fashion', 'Business', 'Food', 'Music', 'Technology', 'Parenting']",Postgraduate,15
265,266,Female,50,Mumbai,"['Health & Fitness', 'Art', 'Parenting', 'DIY & Crafts', 'Gaming', 'Spirituality', 'Marketing']",Undergraduate,15
266,267,Male,34,Bengaluru,"['Education', 'Health & Fitness', 'Automotive', 'Gaming', 'Psychology', 'Sports', 'Environment', 'Books', 'Movies', 'Real Estate']",Postgraduate,17
267,268,Female,42,Ahmedabad,"['Finance', 'News', 'Home Decor', 'Environment', 'Psychology', 'Spirituality', 'Politics', 'Automotive', 'Technology']",Undergraduate,7
268,269,Male,19,Bengaluru,"['Relationships', 'Science', 'Psychology', 'Gaming', 'Politics']",High School,22
269,270,Female,21,Mumbai,"['Technology', 'Finance', 'Food', 'Home Decor', 'Science', 'Law']",Undergraduate,19
270,271,Male,30,Mumbai,"['Food', 'Travel', 'Science', 'Real Estate', 'Parenting', 'Automotive', 'Books']",Postgraduate,19
271,272,Female,26,Bengaluru,"['Technology', 'Business', 'Automotive', 'Education', 'Finance']",Postgraduate,10
272,273,Female,32,Hyderabad,"['Business', 'Technology', 'Gaming', 'Education', 'Sports', 'Psychology', 'DIY & Crafts', 'Photography']",High School,16
273,274,Female,56,Pune,"['Finance', 'News', 'Environment', 'DIY & Crafts', 'Travel', 'Real Estate', 'Movies']",Postgraduate,5
274,275,Female,40,Delhi,"['Sports', 'Photography', 'Spirituality', 'Gaming', 'Art', 'Business', 'Fashion', 'Books', 'Environment', 'Psychology']",High School,11
275,276,Female,34,Bengaluru,"['Food', 'History', 'Health & Fitness', 'Books', 'DIY & Crafts', 'Technology', 'Science', 'Automotive', 'Parenting', 'Marketing']",Postgraduate,19
276,277,Male,53,Hyderabad,"['Law', 'Finance', 'Environment', 'Politics', 'Photography']",Undergraduate,4
277,278,Male,25,Delhi,"['Health & Fitness', 'Law', 'Education', 'Environment', 'Automotive', 'Gaming']",Postgraduate,1
278,279,Female,45,Bengaluru,"['Environment', 'Relationships', 'Music', 'Psychology', 'Sports', 'Travel', 'Finance']",High School,13
279,280,Male,40,Ahmedabad,"['Finance', 'Relationships', 'Gaming', 'Spirituality', 'Fashion', 'Environment', 'DIY & Crafts', 'Science']",Undergraduate,19
280,281,Female,33,Hyderabad,"['Law', 'Parenting', 'Food', 'Education', 'News']",High School,23
281,282,Female,55,Ahmedabad,"['Parenting', 'Music', 'Business', 'Finance', 'Real Estate', 'Health & Fitness', 'Relationships', 'Photography', 'Travel']",High School,3
282,283,Male,36,Delhi,"['Technology', 'History', 'Politics', 'Food', 'Music']",Postgraduate,23
283,284,Male,58,Mumbai,"['Law', 'Sports', 'Automotive', 'Real Estate', 'Relationships', 'Books', 'Spirituality', 'DIY & Crafts', 'Fashion', 'Home Decor']",Undergraduate,10
284,285,Female,24,Bengaluru,"['Real Estate', 'Gaming', 'Science', 'Books', 'Automotive', 'Health & Fitness', 'Finance', 'Photography']",Postgraduate,17
285,286,Female,42,Pune,"['Parenting', 'Relationships', 'Music', 'Books', 'Environment', 'Gaming']",Undergraduate,8
286,287,Male,57,Hyderabad,"['Photography', 'Psychology', 'Relationships', 'Finance', 'Gaming', 'Environment']",Undergraduate,17
287,288,Female,34,Pune,"['Spirituality', 'Environment', 'Automotive', 'Business', 'Science', 'Books', 'Health & Fitness', 'Art']",High School,9
288,289,Female,39,Mumbai,"['Art', 'Home Decor', 'Movies', 'Fashion', 'DIY & Crafts', 'Relationships']",High School,20
289,290,Female,18,Pune,"['Education', 'Photography', 'Real Estate', 'Art', 'Music', 'News']",Undergraduate,23
290,291,Female,31,Hyderabad,"['Books', 'Gaming', 'Food', 'Real Estate', 'Law']",High School,11
291,292,Female,18,Hyderabad,"['Photography', 'Parenting', 'Food', 'Home Decor', 'Politics']",Undergraduate,6
292,293,Male,27,Mumbai,"['Movies', 'Law', 'Health & Fitness', 'Gaming', 'Science', 'Photography', 'Business', 'Finance', 'Automotive', 'Art']",Undergraduate,22
293,294,Female,51,Pune,"['Psychology', 'Sports', 'Science', 'Relationships', 'Food', 'News']",Undergraduate,1
294,295,Female,21,Delhi,"['Art', 'Gaming', 'Marketing', 'Relationships', 'Health & Fitness', 'Psychology', 'Food']",Undergraduate,6
295,296,Male,22,Delhi,"['Psychology', 'Travel', 'Marketing', 'Art', 'Real Estate', 'Food', 'Education']",High School,19
296,297,Female,41,Mumbai,"['Music', 'Business', 'Education', 'Photography', 'Technology', 'Finance', 'Art', 'Real Estate', 'Environment']",Postgraduate,23
297,298,Female,30,Hyderabad,"['Automotive', 'Food', 'Business', 'Politics', 'Marketing']",Undergraduate,19
298,299,Male,20,Mumbai,"['Health & Fitness', 'Home Decor', 'Movies', 'DIY & Crafts', 'Environment', 'Automotive', 'Law']",Postgraduate,14
299,300,Male,49,Bengaluru,"['Automotive', 'DIY & Crafts', 'Relationships', 'Parenting', 'History', 'Education', 'Environment']",Undergraduate,22
300,301,Female,50,Delhi,"['History', 'Sports', 'Movies', 'Fashion', 'Business', 'Parenting', 'Marketing']",Undergraduate,6
301,302,Male,21,Mumbai,"['Finance', 'Books', 'Travel', 'Health & Fitness', 'Psychology']",Postgraduate,17
302,303,Female,26,Chennai,"['Politics', 'Education', 'Environment', 'Spirituality', 'Sports', 'Fashion', 'Health & Fitness', 'Food', 'Technology']",Postgraduate,2
303,304,Male,50,Hyderabad,"['Art', 'Travel', 'Environment', 'Sports', 'Finance', 'Real Estate', 'Home Decor']",High School,21
304,305,Male,39,Mumbai,"['Health & Fitness', 'Parenting', 'DIY & Crafts', 'Photography', 'Science', 'Finance', 'Movies']",Postgraduate,21
305,306,Female,35,Mumbai,"['Law', 'Photography', 'Books', 'Movies', 'Parenting', 'DIY & Crafts', 'News', 'Education', 'Home Decor']",High School,5
306,307,Male,27,Chennai,"['Books', 'Parenting', 'Science', 'Environment', 'Fashion', 'Spirituality', 'Art', 'History']",Postgraduate,9
307,308,Female,31,Pune,"['Psychology', 'Spirituality', 'Finance', 'Law', 'Photography']",Undergraduate,16
308,309,Female,33,Pune,"['Law', 'Marketing', 'Psychology', 'Science', 'Environment', 'Fashion', 'News']",High School,8
309,310,Male,51,Mumbai,"['Gaming', 'Relationships', 'Parenting', 'Automotive', 'Law', 'Politics', 'Books', 'Fashion']",Postgraduate,9
310,311,Female,51,Bengaluru,"['Food', 'Books', 'Health & Fitness', 'Education', 'Marketing']",Postgraduate,15
311,312,Female,29,Bengaluru,"['Law', 'Books', 'Science', 'Business', 'Health & Fitness', 'History', 'Parenting', 'Movies']",High School,1
312,313,Male,19,Mumbai,"['Music', 'Real Estate', 'News', 'Education', 'Technology', 'Business', 'Sports', 'Finance', 'Art']",High School,17
313,314,Female,54,Mumbai,"['Law', 'Technology', 'Books', 'Automotive', 'Spirituality', 'News', 'DIY & Crafts', 'Sports']",High School,13
314,315,Female,54,Chennai,"['Art', 'News', 'Gaming', 'Education', 'Law']",Postgraduate,3
315,316,Female,48,Pune,"['Food', 'Law', 'Marketing', 'Psychology', 'Travel']",High School,14
316,317,Male,46,Mumbai,"['DIY & Crafts', 'Education', 'Home Decor', 'Health & Fitness', 'Law']",High School,21
317,318,Female,39,Ahmedabad,"['Environment', 'Business', 'Technology', 'Education', 'DIY & Crafts']",High School,16
318,319,Female,28,Chennai,"['Fashion', 'Politics', 'Movies', 'Art', 'Relationships', 'Automotive', 'Environment', 'Technology', 'Health & Fitness']",High School,17
319,320,Male,37,Hyderabad,"['Business', 'Movies', 'Gaming', 'Relationships', 'Photography', 'Law', 'Technology', 'Spirituality', 'Books']",High School,9
320,321,Male,59,Hyderabad,"['Sports', 'Food', 'Health & Fitness', 'Psychology', 'Technology', 'Business', 'Books', 'Fashion', 'News', 'Finance']",Undergraduate,5
321,322,Male,37,Delhi,"['Photography', 'History', 'Politics', 'Relationships', 'Travel', 'Science', 'News', 'Real Estate', 'Finance']",Undergraduate,10
322,323,Male,21,Hyderabad,"['Movies', 'Music', 'Real Estate', 'Art', 'Marketing', 'Parenting', 'Automotive']",Postgraduate,7
323,324,Female,29,Delhi,"['Marketing', 'Politics', 'Travel', 'Spirituality', 'Real Estate', 'Gaming', 'Fashion', 'Parenting']",Postgraduate,1
324,325,Female,56,Bengaluru,"['Real Estate', 'News', 'Business', 'Gaming', 'Psychology', 'Politics']",High School,12
325,326,Male,22,Bengaluru,"['Gaming', 'Home Decor', 'Finance', 'Relationships', 'Books', 'Education', 'Spirituality']",Undergraduate,16
326,327,Female,32,Pune,"['Health & Fitness', 'Marketing', 'Art', 'Politics', 'Fashion']",Postgraduate,11
327,328,Male,58,Hyderabad,"['Travel', 'Relationships', 'Science', 'Psychology', 'Art', 'Environment', 'Spirituality', 'Fashion']",High School,10
328,329,Female,46,Bengaluru,"['Movies', 'Politics', 'DIY & Crafts', 'Fashion', 'Food', 'Science', 'Art', 'Law', 'Marketing']",High School,15
329,330,Female,20,Hyderabad,"['Sports', 'Travel', 'Science', 'Relationships', 'Fashion', 'Environment', 'Law', 'Technology', 'Marketing', 'Food']",High School,19
330,331,Male,46,Ahmedabad,"['Gaming', 'Finance', 'Spirituality', 'DIY & Crafts', 'Relationships', 'Health & Fitness', 'Fashion']",Undergraduate,12
331,332,Male,23,Delhi,"['Science', 'Finance', 'Books', 'Food', 'Business', 'Real Estate', 'Fashion', 'Home Decor', 'Art', 'History']",Undergraduate,15
332,333,Male,39,Pune,"['Gaming', 'Science', 'Education', 'Food', 'Music', 'Finance', 'Fashion', 'Spirituality']",Postgraduate,2
333,334,Male,43,Chennai,"['Law', 'Spirituality', 'Finance', 'Technology', 'Books', 'Sports']",High School,9
334,335,Female,42,Pune,"['Science', 'Art', 'Business', 'Books', 'Marketing', 'Education']",Postgraduate,6
335,336,Male,36,Chennai,"['Law', 'Music', 'Home Decor', 'Health & Fitness', 'Food', 'Automotive']",Undergraduate,6
336,337,Male,38,Delhi,"['Psychology', 'History', 'Photography', 'Technology', 'Health & Fitness', 'Finance', 'Relationships']",Postgraduate,17
337,338,Male,40,Hyderabad,"['Travel', 'Home Decor', 'Marketing', 'Education', 'Art', 'Fashion', 'Parenting']",High School,21
338,339,Male,52,Chennai,"['Real Estate', 'Photography', 'DIY & Crafts', 'Sports', 'Parenting', 'Science', 'Law', 'Food']",High School,13
339,340,Female,42,Delhi,"['Art', 'Home Decor', 'Fashion', 'Law', 'Health & Fitness', 'Gaming', 'History']",Postgraduate,5
340,341,Male,53,Hyderabad,"['Fashion', 'Real Estate', 'Politics', 'Sports', 'Education', 'Finance', 'Business', 'Law']",Undergraduate,6
341,342,Female,49,Delhi,"['Automotive', 'Marketing', 'DIY & Crafts', 'Music', 'Fashion', 'Books', 'Psychology', 'Law']",Undergraduate,12
342,343,Female,59,Mumbai,"['Politics', 'Movies', 'Food', 'Parenting', 'Law', 'Real Estate', 'Sports', 'Home Decor', 'News', 'Travel']",Undergraduate,12
343,344,Female,52,Bengaluru,"['Health & Fitness', 'Technology', 'Education', 'Gaming', 'Science', 'Parenting', 'Fashion', 'Politics', 'Movies']",Undergraduate,4
344,345,Female,28,Bengaluru,"['Technology', 'Law', 'Automotive', 'Psychology', 'News', 'Food']",Undergraduate,5
345,346,Female,26,Bengaluru,"['Finance', 'Real Estate', 'Environment', 'Psychology', 'Gaming', 'Food', 'Spirituality']",High School,2
346,347,Male,55,Mumbai,"['Parenting', 'Law', 'Books', 'Fashion', 'Relationships', 'Art']",Postgraduate,3
347,348,Female,43,Mumbai,"['Photography', 'Business', 'Marketing', 'Home Decor', 'Automotive', 'Health & Fitness']",Postgraduate,19
348,349,Male,53,Bengaluru,"['Psychology', 'Movies', 'Music', 'Sports', 'News', 'History', 'Automotive', 'Photography']",High School,12
349,350,Male,44,Delhi,"['Automotive', 'Music', 'Relationships', 'Home Decor', 'Travel', 'Science', 'Books', 'Marketing']",Undergraduate,20
350,351,Female,56,Hyderabad,"['Home Decor', 'History', 'Marketing', 'Spirituality', 'Automotive', 'Real Estate', 'Business', 'Psychology', 'News', 'Sports']",High School,11
351,352,Female,25,Hyderabad,"['Automotive', 'Home Decor', 'Environment', 'Finance', 'Travel', 'Business', 'Science']",Undergraduate,18
352,353,Female,48,Bengaluru,"['Politics', 'Technology', 'Movies', 'Real Estate', 'Psychology', 'Fashion', 'Health & Fitness']",Undergraduate,10
353,354,Male,21,Hyderabad,"['Technology', 'Gaming', 'Health & Fitness', 'Law', 'Home Decor']",Undergraduate,9
354,355,Female,37,Delhi,"['Automotive', 'Sports', 'History', 'Music', 'Home Decor', 'Food', 'Business', 'DIY & Crafts', 'Fashion', 'Movies']",High School,12
355,356,Female,55,Delhi,"['Music', 'Law', 'Psychology', 'Movies', 'Art', 'Marketing', 'Education', 'Gaming', 'Travel']",Undergraduate,10
356,357,Male,43,Ahmedabad,"['Food', 'Law', 'Business', 'Science', 'Home Decor', 'DIY & Crafts']",High School,14
357,358,Female,47,Ahmedabad,"['Food', 'Spirituality', 'Music', 'Technology', 'Art', 'Psychology', 'Gaming']",Postgraduate,3
358,359,Female,23,Bengaluru,"['News', 'Relationships', 'Travel', 'Photography', 'Environment', 'Art', 'Law', 'Finance', 'Business']",Postgraduate,6
359,360,Male,23,Hyderabad,"['Education', 'Politics', 'Art', 'Health & Fitness', 'Travel', 'Parenting']",Postgraduate,22
360,361,Male,59,Mumbai,"['Fashion', 'Music', 'Movies', 'Education', 'Sports', 'Politics']",Undergraduate,4
361,362,Male,18,Bengaluru,"['Food', 'Home Decor', 'Education', 'Finance', 'Books', 'Environment']",High School,16
362,363,Male,34,Pune,"['Relationships', 'Finance', 'Travel', 'Sports', 'Books', 'Music', 'Politics', 'Automotive', 'Parenting', 'Art']",Postgraduate,6
363,364,Female,52,Chennai,"['Travel', 'Health & Fitness', 'Marketing', 'Parenting', 'Technology', 'Finance', 'Gaming']",Undergraduate,10
364,365,Male,54,Ahmedabad,"['Books', 'Parenting', 'Art', 'History', 'Science', 'Marketing', 'Music', 'News', 'Travel', 'Spirituality']",Postgraduate,23
365,366,Female,19,Hyderabad,"['Music', 'Finance', 'Sports', 'Travel', 'Education', 'Spirituality', 'Environment', 'Marketing', 'Food', 'Relationships']",High School,7
366,367,Male,42,Bengaluru,"['Health & Fitness', 'Parenting', 'Fashion', 'Law', 'Automotive']",High School,20
367,368,Female,40,Hyderabad,"['Education', 'Science', 'Gaming', 'Home Decor', 'Health & Fitness', 'Sports', 'Finance', 'Psychology', 'Parenting', 'Art']",Undergraduate,21
368,369,Male,22,Hyderabad,"['Law', 'Spirituality', 'Movies', 'Finance', 'Automotive', 'Art', 'Science']",Postgraduate,4
369,370,Male,34,Ahmedabad,"['Spirituality', 'Automotive', 'Psychology', 'Science', 'Health & Fitness', 'Fashion', 'Real Estate']",Postgraduate,7
370,371,Female,23,Delhi,"['Psychology', 'Real Estate', 'Gaming', 'Health & Fitness', 'Parenting', 'Home Decor', 'Politics']",High School,6
371,372,Female,31,Hyderabad,"['Law', 'News', 'Relationships', 'History', 'Books', 'Art', 'Real Estate']",Postgraduate,9
372,373,Male,59,Bengaluru,"['Law', 'Food', 'Music', 'Business', 'Parenting', 'Relationships', 'News', 'Psychology', 'History', 'Health & Fitness']",Postgraduate,2
373,374,Male,38,Bengaluru,"['Movies', 'Environment', 'Art', 'Books', 'Spirituality', 'Food', 'News', 'Fashion', 'DIY & Crafts', 'Music']",High School,11
374,375,Male,50,Hyderabad,"['Sports', 'Parenting', 'News', 'Relationships', 'Photography', 'Food', 'Marketing', 'Finance', 'Business', 'Movies']",Postgraduate,21
375,376,Male,51,Ahmedabad,"['Marketing', 'Environment', 'News', 'Automotive', 'Travel']",High School,16
376,377,Male,45,Pune,"['Environment', 'Real Estate', 'Books', 'Music', 'Technology', 'Politics', 'Automotive', 'Spirituality']",High School,13
377,378,Female,33,Bengaluru,"['Finance', 'Art', 'Music', 'News', 'Spirituality', 'Fashion']",Undergraduate,10
378,379,Male,59,Mumbai,"['Health & Fitness', 'Books', 'Science', 'Music', 'Food', 'Finance', 'Relationships', 'Business', 'Travel']",High School,15
379,380,Male,51,Hyderabad,"['Politics', 'Education', 'History', 'Marketing', 'News']",Undergraduate,14
380,381,Male,49,Pune,"['Music', 'Relationships', 'Food', 'Environment', 'Politics', 'Sports', 'Psychology', 'Fashion', 'Health & Fitness', 'Photography']",Postgraduate,11
381,382,Female,54,Ahmedabad,"['Education', 'Politics', 'Photography', 'Books', 'Travel']",Postgraduate,10
382,383,Female,28,Ahmedabad,"['Business', 'Education', 'Real Estate', 'Law', 'Health & Fitness', 'Spirituality', 'Gaming', 'Politics']",High School,1
383,384,Female,45,Ahmedabad,"['Home Decor', 'Education', 'Technology', 'Finance', 'Business']",Postgraduate,9
384,385,Male,33,Chennai,"['Health & Fitness', 'Education', 'Art', 'Science', 'Gaming', 'Politics', 'Movies', 'Home Decor']",Undergraduate,4
385,386,Female,25,Hyderabad,"['Psychology', 'Health & Fitness', 'Fashion', 'Technology', 'Relationships', 'DIY & Crafts', 'Art']",High School,13
386,387,Female,40,Mumbai,"['History', 'Fashion', 'Gaming', 'Science', 'Relationships', 'Food', 'Art']",Undergraduate,5
387,388,Female,59,Chennai,"['Movies', 'Sports', 'Travel', 'Art', 'Spirituality']",Postgraduate,7
388,389,Male,33,Mumbai,"['Business', 'Technology', 'Home Decor', 'Marketing', 'Gaming', 'Travel']",Undergraduate,21
389,390,Male,25,Ahmedabad,"['Finance', 'Real Estate', 'Music', 'Gaming', 'Science', 'Health & Fitness', 'Fashion', 'Technology', 'Education', 'Food']",Postgraduate,6
390,391,Female,25,Chennai,"['Law', 'Business', 'DIY & Crafts', 'Psychology', 'Relationships', 'Science', 'Movies', 'Art', 'Parenting', 'Politics']",Postgraduate,8
391,392,Male,33,Pune,"['Fashion', 'Food', 'Psychology', 'Education', 'Spirituality', 'Real Estate', 'News', 'Gaming']",Undergraduate,8
392,393,Female,45,Bengaluru,"['Spirituality', 'Business', 'History', 'Fashion', 'Gaming', 'Health & Fitness', 'Parenting', 'DIY & Crafts', 'Relationships', 'News']",High School,10
393,394,Female,30,Hyderabad,"['Real Estate', 'Business', 'Environment', 'Politics', 'Relationships']",High School,19
394,395,Male,37,Hyderabad,"['Gaming', 'Politics', 'Music', 'Law', 'Business']",High School,1
395,396,Female,53,Pune,"['Relationships', 'Food', 'Law', 'News', 'Home Decor', 'Finance', 'History', 'Art', 'Movies']",Postgraduate,5
396,397,Female,27,Chennai,"['News', 'Sports', 'Environment', 'Photography', 'Technology', 'Marketing', 'Books', 'Gaming', 'Parenting', 'Politics']",High School,12
397,398,Female,42,Hyderabad,"['Gaming', 'Relationships', 'DIY & Crafts', 'News', 'Environment']",Undergraduate,17
398,399,Male,44,Chennai,"['Spirituality', 'Real Estate', 'News', 'Marketing', 'Travel', 'Books', 'History', 'Health & Fitness', 'Education']",High School,5
399,400,Female,48,Delhi,"['Books', 'Art', 'Business', 'Food', 'Marketing', 'Health & Fitness', 'News', 'DIY & Crafts', 'Gaming', 'Science']",High School,19
400,401,Female,37,Ahmedabad,"['Science', 'Food', 'Spirituality', 'Technology', 'Travel', 'Art', 'Relationships']",Postgraduate,18
401,402,Male,22,Delhi,"['Marketing', 'Parenting', 'Spirituality', 'Sports', 'Art', 'Real Estate', 'Psychology', 'Relationships']",Postgraduate,9
402,403,Female,25,Pune,"['Psychology', 'Home Decor', 'Science', 'Art', 'Business']",Undergraduate,6
403,404,Male,48,Mumbai,"['Politics', 'Books', 'Finance', 'Business', 'News', 'Technology', 'Marketing', 'Law']",Postgraduate,23
404,405,Male,54,Ahmedabad,"['Spirituality', 'Technology', 'Business', 'Books', 'DIY & Crafts', 'Sports', 'Parenting', 'Marketing', 'Psychology', 'Music']",High School,11
405,406,Female,21,Bengaluru,"['Marketing', 'Technology', 'Automotive', 'Real Estate', 'Finance', 'Education']",Undergraduate,17
406,407,Female,20,Hyderabad,"['Law', 'Home Decor', 'Business', 'History', 'Relationships', 'Books']",High School,22
407,408,Male,45,Delhi,"['Travel', 'Books', 'Psychology', 'Science', 'History', 'Marketing', 'Real Estate', 'Spirituality']",Undergraduate,19
408,409,Female,48,Mumbai,"['Environment', 'Law', 'Real Estate', 'Marketing', 'Health & Fitness', 'Politics', 'Photography']",High School,21
409,410,Male,56,Pune,"['History', 'Finance', 'Politics', 'Travel', 'Fashion', 'DIY & Crafts', 'Photography', 'Home Decor']",Postgraduate,21
410,411,Male,34,Chennai,"['DIY & Crafts', 'Movies', 'Relationships', 'Parenting', 'History', 'Marketing', 'Music']",High School,6
411,412,Male,57,Bengaluru,"['Food', 'History', 'Spirituality', 'Health & Fitness', 'Photography', 'Music', 'Sports', 'Law', 'Gaming', 'Marketing']",Undergraduate,17
412,413,Female,42,Hyderabad,"['News', 'Environment', 'Business', 'Books', 'Food', 'Education', 'Gaming', 'Psychology', 'Fashion', 'Health & Fitness']",Postgraduate,23
413,414,Male,25,Hyderabad,"['Environment', 'Food', 'Health & Fitness', 'Art', 'Relationships', 'Law', 'Business', 'Gaming', 'Books']",High School,3
414,415,Female,49,Ahmedabad,"['Books', 'Law', 'Finance', 'Travel', 'Spirituality', 'History', 'Technology', 'Psychology', 'Food']",Undergraduate,9
415,416,Female,33,Ahmedabad,"['Art', 'Travel', 'Education', 'Automotive', 'Home Decor', 'Marketing', 'Gaming', 'Books', 'Relationships']",High School,20
416,417,Female,52,Hyderabad,"['Psychology', 'Science', 'Home Decor', 'Books', 'Politics', 'DIY & Crafts', 'Travel', 'Food', 'Marketing']",Postgraduate,21
417,418,Male,47,Pune,"['Spirituality', 'Politics', 'Marketing', 'Art', 'Books', 'Movies']",High School,8
418,419,Female,24,Pune,"['History', 'Gaming', 'Art', 'Science', 'Movies']",Undergraduate,5
419,420,Male,21,Chennai,"['Psychology', 'Home Decor', 'Finance', 'Health & Fitness', 'Fashion']",Postgraduate,18
420,421,Female,43,Pune,"['Real Estate', 'Music', 'Automotive', 'Art', 'Home Decor', 'Psychology', 'Gaming', 'Travel', 'News']",Postgraduate,14
421,422,Female,21,Bengaluru,"['Art', 'Automotive', 'Books', 'News', 'Law', 'Marketing', 'Parenting', 'Sports', 'Photography']",Undergraduate,13
422,423,Female,34,Delhi,"['Parenting', 'Spirituality', 'Real Estate', 'Movies', 'Food']",Postgraduate,17
423,424,Male,55,Delhi,"['Gaming', 'Food', 'Automotive', 'Fashion', 'Sports', 'Education']",High School,1
424,425,Male,39,Bengaluru,"['DIY & Crafts', 'Real Estate', 'Spirituality', 'Music', 'Photography']",Postgraduate,10
425,426,Male,39,Chennai,"['Gaming', 'Real Estate', 'Health & Fitness', 'News', 'Psychology', 'DIY & Crafts', 'Art', 'Spirituality', 'Photography', 'Environment']",High School,2
426,427,Male,33,Ahmedabad,"['Spirituality', 'Music', 'Technology', 'Psychology', 'Real Estate', 'Gaming', 'Food', 'Parenting']",Undergraduate,17
427,428,Male,41,Hyderabad,"['Sports', 'History', 'Food', 'Business', 'Music']",High School,23
428,429,Male,52,Hyderabad,"['Science', 'Psychology', 'Books', 'Automotive', 'Fashion', 'Art', 'Photography']",Undergraduate,1
429,430,Male,43,Mumbai,"['Science', 'Environment', 'Fashion', 'DIY & Crafts', 'Marketing', 'Movies', 'Automotive', 'Relationships', 'Spirituality']",Postgraduate,11
430,431,Female,43,Chennai,"['Finance', 'Parenting', 'Politics', 'Environment', 'Psychology', 'Travel']",High School,1
431,432,Male,35,Delhi,"['Marketing', 'Business', 'DIY & Crafts', 'Technology', 'Relationships', 'Gaming', 'History']",Undergraduate,5
432,433,Male,19,Bengaluru,"['Health & Fitness', 'Music', 'Technology', 'DIY & Crafts', 'Gaming', 'Books', 'Education', 'Art', 'Marketing', 'History']",Postgraduate,18
433,434,Male,31,Delhi,"['Food', 'Environment', 'Marketing', 'Real Estate', 'History', 'Travel', 'Gaming', 'Home Decor', 'News', 'DIY & Crafts']",High School,20
434,435,Female,55,Mumbai,"['Food', 'Home Decor', 'Music', 'Spirituality', 'Photography', 'Science', 'Politics']",Postgraduate,18
435,436,Female,45,Chennai,"['Photography', 'Home Decor', 'Environment', 'History', 'Education', 'Law', 'Food', 'Relationships', 'Business']",High School,14
436,437,Male,18,Ahmedabad,"['Books', 'Parenting', 'Marketing', 'Environment', 'Automotive']",Undergraduate,13
437,438,Female,56,Ahmedabad,"['Gaming', 'History', 'Law', 'Education', 'Parenting', 'Health & Fitness', 'Art', 'Marketing', 'Music']",Undergraduate,18
438,439,Female,23,Pune,"['Sports', 'Technology', 'Travel', 'Food', 'Automotive', 'Real Estate', 'Science', 'Home Decor']",Undergraduate,8
439,440,Male,49,Hyderabad,"['Business', 'Gaming', 'Law', 'Parenting', 'Marketing', 'Books', 'Art', 'History', 'Health & Fitness', 'Movies']",Undergraduate,14
440,441,Female,23,Delhi,"['Music', 'Health & Fitness', 'Psychology', 'Spirituality', 'Sports', 'Technology', 'Business', 'Books', 'History']",Postgraduate,14
441,442,Female,33,Mumbai,"['Psychology', 'Marketing', 'Real Estate', 'Music', 'Parenting', 'Business', 'History', 'Art']",High School,3
442,443,Female,31,Delhi,"['Psychology', 'Books', 'Fashion', 'Real Estate', 'Spirituality']",Undergraduate,4
443,444,Female,26,Chennai,"['Music', 'Psychology', 'DIY & Crafts', 'Books', 'Environment', 'Photography', 'Law', 'Parenting']",High School,2
444,445,Male,54,Bengaluru,"['DIY & Crafts', 'Education', 'Real Estate', 'Marketing', 'Parenting', 'Business', 'Books', 'Health & Fitness', 'Home Decor', 'Travel']",Postgraduate,13
445,446,Female,47,Mumbai,"['News', 'Movies', 'Food', 'Books', 'Psychology', 'Spirituality']",Undergraduate,4
446,447,Male,55,Hyderabad,"['Travel', 'DIY & Crafts', 'Gaming', 'Technology', 'Spirituality']",Postgraduate,11
447,448,Male,43,Mumbai,"['Fashion', 'DIY & Crafts', 'Food', 'Sports', 'Automotive', 'Spirituality']",Undergraduate,13
448,449,Female,48,Ahmedabad,"['Food', 'Fashion', 'Marketing', 'Environment', 'Education', 'Sports', 'Photography', 'Business']",Undergraduate,5
449,450,Female,22,Pune,"['Home Decor', 'Food', 'Gaming', 'Sports', 'Spirituality', 'Law', 'Automotive']",Postgraduate,9
450,451,Male,54,Pune,"['Books', 'Automotive', 'Environment', 'Gaming', 'Politics']",High School,19
451,452,Male,22,Mumbai,"['Music', 'Gaming', 'Automotive', 'Environment', 'Real Estate', 'Law', 'News', 'History', 'Food']",Undergraduate,9
452,453,Female,54,Delhi,"['Technology', 'Food', 'Law', 'Fashion', 'Photography', 'Movies', 'Books', 'Automotive', 'Sports', 'Home Decor']",Undergraduate,13
453,454,Female,36,Ahmedabad,"['DIY & Crafts', 'Law', 'Environment', 'Books', 'Science', 'Spirituality', 'Psychology', 'Sports', 'Education', 'History']",High School,11
454,455,Male,24,Ahmedabad,"['Technology', 'Spirituality', 'Gaming', 'Movies', 'Business', 'Psychology', 'Fashion', 'History']",Postgraduate,23
455,456,Male,25,Chennai,"['Books', 'Gaming', 'Marketing', 'Education', 'DIY & Crafts', 'Spirituality', 'Psychology', 'Health & Fitness', 'Photography', 'Sports']",Undergraduate,19
456,457,Male,42,Hyderabad,"['Relationships', 'Finance', 'Fashion', 'Environment', 'History', 'Books']",High School,16
457,458,Female,47,Pune,"['Environment', 'Sports', 'Music', 'DIY & Crafts', 'Parenting', 'Law', 'Education', 'Marketing', 'Photography', 'Home Decor']",Postgraduate,5
458,459,Male,51,Pune,"['Law', 'Spirituality', 'Gaming', 'DIY & Crafts', 'Music', 'Technology', 'Business', 'Travel', 'Sports']",Postgraduate,21
459,460,Male,34,Bengaluru,"['Travel', 'Spirituality', 'Gaming', 'History', 'Marketing']",Undergraduate,3
460,461,Male,37,Chennai,"['Gaming', 'Politics', 'Law', 'Photography', 'Travel', 'Education']",High School,16
461,462,Female,29,Hyderabad,"['Home Decor', 'Parenting', 'Business', 'History', 'Real Estate', 'News']",High School,21
462,463,Male,18,Mumbai,"['Home Decor', 'Finance', 'Art', 'Real Estate', 'Gaming']",Undergraduate,6
463,464,Female,50,Pune,"['Relationships', 'Politics', 'History', 'Photography', 'Finance', 'News', 'Sports', 'Travel', 'Science', 'Spirituality']",Undergraduate,8
464,465,Female,31,Hyderabad,"['Sports', 'Music', 'Real Estate', 'Automotive', 'Spirituality', 'Marketing', 'Parenting', 'Law']",Postgraduate,12
465,466,Female,25,Hyderabad,"['Music', 'Photography', 'Law', 'Technology', 'Real Estate', 'Gaming', 'News', 'Travel', 'Health & Fitness']",Postgraduate,12
466,467,Male,56,Chennai,"['Parenting', 'Finance', 'Law', 'Art', 'Books', 'Health & Fitness', 'History', 'Real Estate', 'News', 'Food']",Undergraduate,22
467,468,Male,34,Pune,"['Photography', 'Business', 'Spirituality', 'Music', 'Relationships', 'Real Estate', 'Finance', 'Psychology']",High School,20
468,469,Male,34,Bengaluru,"['Education', 'Law', 'Marketing', 'History', 'Sports', 'Technology', 'Psychology']",Postgraduate,1
469,470,Male,51,Hyderabad,"['Environment', 'Photography', 'Real Estate', 'Food', 'History', 'Law', 'Marketing']",Postgraduate,22
470,471,Male,59,Chennai,"['Travel', 'Books', 'Business', 'History', 'Law', 'Parenting', 'Sports', 'Psychology', 'DIY & Crafts', 'Music']",Postgraduate,17
471,472,Male,23,Chennai,"['Photography', 'Law', 'Parenting', 'Movies', 'News', 'DIY & Crafts', 'Home Decor', 'Technology']",High School,3
472,473,Male,38,Ahmedabad,"['Politics', 'News', 'Parenting', 'Automotive', 'Psychology', 'Movies', 'Science', 'Sports', 'Art', 'Travel']",Postgraduate,15
473,474,Female,46,Bengaluru,"['Gaming', 'DIY & Crafts', 'Law', 'Movies', 'Food', 'Technology', 'Finance', 'Sports', 'Travel']",High School,13
474,475,Female,34,Pune,"['Science', 'Books', 'Travel', 'Relationships', 'Environment', 'Movies', 'Art']",Undergraduate,20
475,476,Female,39,Ahmedabad,"['Home Decor', 'Relationships', 'Sports', 'Psychology', 'Parenting', 'Books', 'News', 'Politics', 'Law', 'Music']",High School,22
476,477,Male,52,Bengaluru,"['Relationships', 'Movies', 'Politics', 'Travel', 'Finance', 'Art', 'Spirituality', 'Automotive', 'DIY & Crafts']",Undergraduate,6
477,478,Male,36,Chennai,"['Fashion', 'Movies', 'Real Estate', 'Parenting', 'Music', 'Photography', 'Business', 'Finance', 'Education', 'DIY & Crafts']",Postgraduate,21
478,479,Male,57,Bengaluru,"['Education', 'Psychology', 'Science', 'Real Estate', 'Automotive', 'Art']",High School,6
479,480,Female,53,Mumbai,"['Art', 'Marketing', 'News', 'Music', 'Spirituality', 'Sports', 'Health & Fitness']",Postgraduate,12
480,481,Male,51,Delhi,"['Finance', 'Relationships', 'Gaming', 'Home Decor', 'Politics', 'Books', 'Spirituality', 'Parenting']",High School,7
481,482,Male,37,Hyderabad,"['News', 'Gaming', 'Psychology', 'DIY & Crafts', 'Relationships', 'Business']",High School,9
482,483,Male,19,Chennai,"['Travel', 'History', 'Home Decor', 'Education', 'Art', 'Psychology', 'Books', 'DIY & Crafts', 'Parenting']",Undergraduate,16
483,484,Female,37,Chennai,"['Art', 'Marketing', 'News', 'Psychology', 'Business', 'Law']",Undergraduate,14
484,485,Female,27,Pune,"['Home Decor', 'Science', 'Business', 'Spirituality', 'Technology', 'Music', 'Relationships']",Undergraduate,9
485,486,Male,58,Pune,"['Travel', 'Gaming', 'Automotive', 'Politics', 'Books', 'Education', 'Science']",Postgraduate,3
486,487,Female,25,Ahmedabad,"['Real Estate', 'Relationships', 'Health & Fitness', 'Movies', 'History', 'Technology', 'Business', 'Gaming']",High School,17
487,488,Female,35,Pune,"['Food', 'Books', 'Music', 'Art', 'Sports', 'Marketing', 'Travel', 'Photography', 'Gaming']",Postgraduate,23
488,489,Female,26,Bengaluru,"['Relationships', 'Health & Fitness', 'DIY & Crafts', 'History', 'Books', 'Politics', 'Law', 'Sports', 'Food', 'Fashion']",Postgraduate,22
489,490,Female,52,Pune,"['Marketing', 'Fashion', 'Finance', 'Technology', 'Education', 'Psychology', 'Automotive', 'Spirituality', 'Law', 'News']",Undergraduate,18
490,491,Male,45,Mumbai,"['Sports', 'Books', 'Education', 'Relationships', 'Finance']",Postgraduate,3
491,492,Male,55,Hyderabad,"['Automotive', 'DIY & Crafts', 'Business', 'Relationships', 'News']",Undergraduate,20
492,493,Female,55,Mumbai,"['Education', 'History', 'Science', 'Real Estate', 'Sports', 'Art']",High School,9
493,494,Male,24,Chennai,"['Books', 'Home Decor', 'History', 'Education', 'Health & Fitness', 'Business', 'Environment', 'Relationships']",Postgraduate,14
494,495,Male,34,Pune,"['Photography', 'Health & Fitness', 'Art', 'News', 'Food', 'Law', 'Books', 'Science', 'Psychology', 'Movies']",High School,21
495,496,Female,40,Hyderabad,"['Spirituality', 'News', 'Business', 'History', 'Law', 'Movies', 'Politics', 'Technology']",High School,8
496,497,Male,37,Hyderabad,"['Automotive', 'Books', 'Technology', 'History', 'Health & Fitness']",Undergraduate,5
497,498,Female,36,Chennai,"['DIY & Crafts', 'Gaming', 'Business', 'Parenting', 'Home Decor', 'Psychology', 'Real Estate']",High School,13
498,499,Female,46,Mumbai,"['Parenting', 'Law', 'Food', 'Music', 'Photography', 'Marketing', 'Sports']",High School,17
499,500,Male,46,Chennai,"['Movies', 'Home Decor', 'Finance', 'Business', 'Parenting', 'Technology', 'History', 'Psychology', 'Food', 'Automotive']",High School,13
